Tipo de Pizza,Ingredientes Elegidos,Base,Valor Pizza,Fecha
Vegetariana,Pimiento,5,5,11/22/2022
Vegetariana,Pimiento,5,5,11/22/2022
Vegetariana,Tofu,5,8,11/22/2022
Vegetariana,Tofu,5,8,11/22/2022
Vegetariana,Hongos,5,7,11/22/2022
Vegetariana,Pimiento,5,5,11/22/2022
Vegetariana,Tofu,5,8,11/22/2022
Vegetariana,Hongos,5,7,11/22/2022
Vegetariana,Margarita,5,12,11/22/2022
Vegetariana,Tofu,5,8,11/22/2022
Vegetariana,Hongos,5,7,11/22/2022
Vegetariana,Margarita,5,12,11/22/2022
No Vegetariana,Peperoni,5,3,11/22/2022
No Vegetariana,Jamón,5,6,11/22/2022
No Vegetariana,Peperoni,5,3,11/22/2022
No Vegetariana,Jamón,5,6,11/22/2022
No Vegetariana,Salmon,5,3,11/22/2022
No Vegetariana,Peperoni,5,3,11/22/2022
No Vegetariana,Jamón,5,6,11/22/2022
No Vegetariana,Salmon,5,3,11/22/2022
No Vegetariana,Peperoni,5,3,11/22/2022
No Vegetariana,Jamón,5,6,11/22/2022
No Vegetariana,Salmon,5,3,11/22/2022
No Vegetariana,Pollo,5,10,11/22/2022
No Vegetariana,Mexicana,5,12,11/22/2022
No Vegetariana,Peperoni,5,3,11/22/2022
No Vegetariana,Jamón,5,6,11/22/2022
No Vegetariana,Salmon,5,3,11/22/2022
No Vegetariana,Pollo,5,10,11/22/2022
No Vegetariana,Mexicana,5,12,11/22/2022
Vegetariana,Pimiento,5,5,11/20/2022
Vegetariana,Tofu,5,8,11/20/2022
Vegetariana,Tofu,5,8,11/20/2022
Vegetariana,Hongos,5,7,11/20/2022
Vegetariana,Pimiento,5,5,11/20/2022
Vegetariana,Tofu,5,8,11/20/2022
Vegetariana,Hongos,5,7,11/20/2022
Vegetariana,Margarita,5,12,11/20/2022
Vegetariana,Tofu,5,8,11/20/2022
Vegetariana,Hongos,5,7,11/20/2022
Vegetariana,Margarita,5,12,11/20/2022
No Vegetariana,Peperoni,5,3,11/20/2022
No Vegetariana,Jamón,5,6,11/20/2022
No Vegetariana,Peperoni,5,3,11/20/2022
No Vegetariana,Jamón,5,6,11/20/2022
No Vegetariana,Salmon,5,3,11/20/2022
No Vegetariana,Peperoni,5,3,11/20/2022
No Vegetariana,Jamón,5,6,11/20/2022
No Vegetariana,Salmon,5,3,11/20/2022
No Vegetariana,Peperoni,5,3,11/20/2022
No Vegetariana,Jamón,5,6,11/20/2022
Vegetariana,Pimiento,5,5,11/20/2022
Vegetariana,Tofu,5,8,11/18/2022
Vegetariana,Tofu,5,8,11/18/2022
Vegetariana,Hongos,5,7,11/18/2022
Vegetariana,Pimiento,5,5,11/18/2022
Vegetariana,Tofu,5,8,11/18/2022
Vegetariana,Hongos,5,7,11/18/2022
Vegetariana,Margarita,5,12,11/18/2022
Vegetariana,Tofu,5,8,11/18/2022
Vegetariana,Hongos,5,7,11/18/2022
Vegetariana,Margarita,5,12,11/18/2022
No Vegetariana,Peperoni,5,3,11/18/2022
No Vegetariana,Jamón,5,6,11/18/2022
No Vegetariana,Peperoni,5,3,11/18/2022
No Vegetariana,Jamón,5,6,11/18/2022
No Vegetariana,Salmon,5,3,11/18/2022
No Vegetariana,Peperoni,5,3,11/18/2022
No Vegetariana,Jamón,5,6,11/18/2022
No Vegetariana,Salmon,5,3,11/18/2022
No Vegetariana,Peperoni,5,3,11/18/2022
No Vegetariana,Jamón,5,6,11/18/2022
No Vegetariana,Salmon,5,3,11/18/2022
No Vegetariana,Pollo,5,10,11/18/2022
No Vegetariana,Mexicana,5,12,11/18/2022
No Vegetariana,Peperoni,5,3,11/18/2022
No Vegetariana,Jamón,5,6,11/18/2022
No Vegetariana,Salmon,5,3,11/18/2022
No Vegetariana,Pollo,5,10,11/18/2022
No Vegetariana,Mexicana,5,12,11/18/2022
Vegetariana,Hongos,5,7,11/16/2022
Vegetariana,Margarita,5,12,11/16/2022
No Vegetariana,Peperoni,5,3,11/16/2022
No Vegetariana,Jamón,5,6,11/16/2022
No Vegetariana,Peperoni,5,3,11/16/2022
No Vegetariana,Jamón,5,6,11/16/2022
No Vegetariana,Salmon,5,3,11/16/2022
No Vegetariana,Peperoni,5,3,11/16/2022
No Vegetariana,Jamón,5,6,11/16/2022
No Vegetariana,Salmon,5,3,11/16/2022
No Vegetariana,Peperoni,5,3,11/16/2022
No Vegetariana,Jamón,5,6,11/16/2022
Vegetariana,Pimiento,5,5,11/16/2022
Vegetariana,Tofu,5,8,11/16/2022
Vegetariana,Tofu,5,8,11/16/2022
Vegetariana,Hongos,5,7,11/16/2022
Vegetariana,Pimiento,5,5,11/16/2022
Vegetariana,Tofu,5,8,11/16/2022
Vegetariana,Hongos,5,7,11/16/2022
Vegetariana,Margarita,5,12,11/16/2022
Vegetariana,Tofu,5,8,11/16/2022
Vegetariana,Hongos,5,7,11/16/2022
Vegetariana,Margarita,5,12,11/16/2022
No Vegetariana,Peperoni,5,3,11/16/2022
No Vegetariana,Jamón,5,6,11/16/2022
No Vegetariana,Peperoni,5,3,11/16/2022
No Vegetariana,Jamón,5,6,11/16/2022
No Vegetariana,Salmon,5,3,11/16/2022
No Vegetariana,Peperoni,5,3,11/16/2022
No Vegetariana,Jamón,5,6,11/16/2022
No Vegetariana,Salmon,5,3,11/16/2022
